Snapshot Counter,Time,w1,x1,y1,z1,loc1_x,loc1_y,loc1_z,time2,w2,x2,y2,z2,loc2_x,loc2_y,loc2_z,stylus_x,stylus_y,stylus_z
1,1703611420.873733,-0.030516088008880615,0.029251703992486,0.19228650629520416,0.9804279208183289,19.622486114501953,5.625152587890625,44.198421478271484,1703611420.873738,-0.04421977326273918,0.005884246900677681,0.20142409205436707,0.9784877300262451,6.67578125,-1.9746266603469849,-43.03544998168945,58.86136245727539,13.946678161621094,45.81386184692383
2,1703611427.423778,-0.029137542471289635,0.02919476106762886,0.1780136525630951,0.9831631183624268,19.5631046295166,5.823105812072754,44.252620697021484,1703611427.4238641,-0.04548840597271919,0.007978755980730057,0.1925816833972931,0.9801934957504272,6.736730575561523,-2.1238715648651123,-43.05390548706055,7.424561023712158,8.6043062210083,45.34987258911133
3,1703611433.440379,-0.028403354808688164,0.030560391023755074,0.18274350464344025,0.9822749495506287,19.535079956054688,5.724177837371826,44.21363067626953,1703611433.440384,-0.05213969945907593,0.00791305210441351,0.19305522739887238,0.9797695875167847,6.839659690856934,-2.0842480659484863,-42.99893569946289,7.038674354553223,7.221773147583008,55.30439758300781
4,1703611440.0903602,-0.029271436855196953,0.028770409524440765,0.18509754538536072,0.9818626642227173,19.585851669311523,5.681140899658203,44.221317291259766,1703611440.090442,-0.04699025675654411,0.006971905007958412,0.1938457489013672,0.9798811078071594,6.746889591217041,-2.057926654815674,-42.987815856933594,2.4546141624450684,-22.540674209594727,-53.16911315917969
5,1703611446.348646,-0.028752105310559273,0.028459757566452026,0.18348923325538635,0.982188880443573,19.576900482177734,5.790765762329102,44.22924041748047,1703611446.3486521,-0.047606926411390305,0.007319475058466196,0.19686183333396912,0.9792473316192627,6.730125904083252,-2.0866215229034424,-43.03635787963867,35.46806716918945,-3.5864500999450684,-34.567161560058594
6,1703611451.473616,-0.027476677671074867,0.029052210971713066,0.18856744468212128,0.981245756149292,19.572921752929688,5.803267478942871,44.254451751708984,1703611451.47362,-0.04902607202529907,0.0062832310795784,0.20094682276248932,0.9783543348312378,6.721003532409668,-2.084155797958374,-43.09978103637695,33.5284423828125,-20.023283004760742,-56.67226791381836
