Snapshot Counter,Time,w1,x1,y1,z1,loc1_x,loc1_y,loc1_z,time2,w2,x2,y2,z2,loc2_x,loc2_y,loc2_z,stylus_x,stylus_y,stylus_z
1,1712658023.208276,0.08342093974351883,0.12462349236011505,-0.02024354226887226,0.988483726978302,10.481363296508789,6.881104469299316,-42.20911407470703,1712658023.208281,0.07778075337409973,-0.012818909250199795,-0.09264715760946274,0.9925735592842102,37.47093200683594,-0.32190051674842834,-41.398765563964844,30.514055252075195,-10.490701675415039,40.06706619262695
2,1712658026.4248261,0.08368940651416779,0.12477483600378036,-0.02146274223923683,0.9884161949157715,10.488382339477539,6.855894565582275,-42.21170425415039,1712658026.424833,0.07750171422958374,-0.012629342265427113,-0.0928838700056076,0.9925756454467773,37.46226501464844,-0.3434388041496277,-41.40943908691406,12.65865707397461,13.311047554016113,-36.183223724365234
3,1712658029.608088,0.0835125520825386,0.1244816929101944,-0.02342808246612549,0.9884234666824341,10.483835220336914,6.819821357727051,-42.19670867919922,1712658029.608095,0.07750220596790314,-0.012755921110510826,-0.09443140774965286,0.9924280047416687,37.45735168457031,-0.3766126334667206,-41.39838409423828,20.082170486450195,15.997889518737793,-60.45552062988281
4,1712658033.007949,0.08347580581903458,0.1243164986371994,-0.02273004874587059,0.9884636998176575,10.475859642028809,6.836839199066162,-42.199432373046875,1712658033.007956,0.07754424214363098,-0.012874111533164978,-0.09511096030473709,0.9923582673072815,37.451416015625,-0.3845568895339966,-41.401851654052734,24.53948211669922,21.815452575683594,-49.47056198120117
5,1712658037.5162292,0.0833909660577774,0.12461834400892258,-0.02135496772825718,0.9884635210037231,10.458035469055176,6.877239227294922,-42.217140197753906,1712658037.516233,0.07777421921491623,-0.012318466790020466,-0.09337262809276581,0.9925124049186707,37.439720153808594,-0.3379281163215637,-41.432579040527344,60.8144645690918,-2.222249984741211,-32.98918533325195
6,1712658040.4995599,0.08329228311777115,0.12474437057971954,-0.02231370285153389,0.9884347319602966,10.463083267211914,6.878546714782715,-42.21118927001953,1712658040.4995651,0.07793066650629044,-0.012209123931825161,-0.0938798263669014,0.9924536347389221,37.443077087402344,-0.33363404870033264,-41.42575454711914,61.49017333984375,8.641139030456543,-53.7829475402832
