Snapshot Counter,Time,w1,x1,y1,z1,loc1_x,loc1_y,loc1_z,time2,w2,x2,y2,z2,loc2_x,loc2_y,loc2_z,stylus_x,stylus_y,stylus_z
1,1710166372.362093,0.05083470791578293,-0.09305959194898605,-0.13131560385227203,-0.9856530427932739,9.332669258117676,8.134902000427246,63.029205322265625,1710166372.3620968,-0.03174465522170067,-0.003714235732331872,-0.02721591107547283,-0.999118447303772,18.81411361694336,-3.8745105266571045,-62.28568649291992,46.58124923706055,9.44096851348877,65.60589599609375
2,1710166388.869844,0.04975324124097824,-0.09286747127771378,-0.1319396197795868,-0.9856430292129517,9.416067123413086,8.070038795471191,63.07756805419922,1710166388.869848,-0.0327255018055439,-0.0041475133039057255,-0.02853308990597725,-0.9990484118461609,18.729167938232422,-3.7763888835906982,-62.35857009887695,-1.9458916187286377,8.363855361938477,65.74274444580078
3,1710166404.3691761,0.05333549529314041,-0.09077505022287369,-0.13763386011123657,-0.9848715662956238,9.576604843139648,7.771305561065674,63.04426193237305,1710166404.36918,-0.04020749032497406,-0.0002292337449034676,-0.02153545245528221,-0.9989592432975769,18.63312339782715,-3.685120105743408,-62.30191421508789,9.981704711914062,-16.39866828918457,-82.22899627685547
4,1710166413.202156,0.052118927240371704,-0.08929412066936493,-0.13784179091453552,-0.9850430488586426,9.58178997039795,7.889220237731934,63.075286865234375,1710166413.202174,-0.03682274743914604,-0.00048578967107459903,-0.03641321510076523,-0.9986580610275269,18.64297103881836,-3.5694427490234375,-62.31459426879883,16.935272216796875,-21.894317626953125,-68.55256652832031
5,1710166424.101658,0.052220091223716736,-0.09231114387512207,-0.12876470386981964,-0.9859874844551086,9.525586128234863,8.073769569396973,63.11262130737305,1710166424.101662,-0.03397916257381439,-0.004427448380738497,-0.018098292872309685,-0.9992488622665405,18.696231842041016,-3.926546812057495,-62.35517120361328,52.53618240356445,-15.164587020874023,-55.67986297607422
6,1710166429.101373,0.05272068455815315,-0.09219871461391449,-0.13068966567516327,-0.9857180118560791,9.531155586242676,8.034892082214355,63.08791732788086,1710166429.101378,-0.034089673310518265,-0.003666770877316594,-0.019389795139431953,-0.9992239475250244,18.680397033691406,-3.888753890991211,-62.30206298828125,42.94173049926758,-21.464197158813477,-68.7400131225586
