Snapshot Counter,Time,w1,x1,y1,z1,loc1_x,loc1_y,loc1_z,time2,w2,x2,y2,z2,loc2_x,loc2_y,loc2_z,stylus_x,stylus_y,stylus_z
1,1709906023.8138099,-0.007739375811070204,0.06824546307325363,0.08136961609125137,0.9943146109580994,17.459007263183594,7.33579683303833,46.41112518310547,1709906023.813814,-0.006470855791121721,-0.011911943554878235,-0.013555134646594524,0.9998162388801575,8.2739839553833,-5.152606010437012,-45.203857421875,49.810401916503906,11.351762771606445,48.477439880371094
2,1709906032.4803252,-0.008373082615435123,0.06739027798175812,0.08765999972820282,0.9938330054283142,17.492870330810547,7.056286811828613,46.341854095458984,1709906032.480329,-0.005269031506031752,-0.011546063236892223,-0.0016190723981708288,0.9999181628227234,8.260522842407227,-4.894747734069824,-45.14557647705078,7.230713844299316,7.829920291900635,48.506309509277344
3,1709906038.505179,-0.006258790846914053,0.06716014444828033,0.09010481089353561,0.9936454892158508,17.50148582458496,7.106379985809326,46.34345626831055,1709906038.50526,-0.0066949548199772835,-0.011771712452173233,0.006548937875777483,0.9998868703842163,8.244308471679688,-4.871602535247803,-45.15699005126953,7.062871932983398,7.132812023162842,57.121612548828125
4,1709906045.055004,-0.00671769306063652,0.06644806265830994,0.08964791893959045,0.993731677532196,17.502275466918945,7.132925033569336,46.35197448730469,1709906045.055008,-0.007862517610192299,-0.011473606340587139,0.00939907692372799,0.999859094619751,8.251543045043945,-4.851137638092041,-45.17155838012695,1.8960999250411987,-23.71184730529785,-49.50126266479492
5,1709906052.071489,-0.00696467375382781,0.06742361932992935,0.08276904374361038,0.9942609071731567,17.50554656982422,7.21893310546875,46.37344741821289,1709906052.0714939,-0.0075528561137616634,-0.010297936387360096,-0.005482502747327089,0.9999034404754639,8.225683212280273,-5.062036037445068,-45.183902740478516,34.81256103515625,-11.733659744262695,-35.805908203125
6,1709906059.08799,-0.00645475834608078,0.06691904366016388,0.08544553071260452,0.9940720200538635,17.486412048339844,7.200377464294434,46.377254486083984,1709906059.088062,-0.007310028653591871,-0.01091762538999319,0.0011452261824160814,0.9999130368232727,8.25986385345459,-5.0231218338012695,-45.21121597290039,39.22126770019531,-17.934837341308594,-58.23575210571289
