Snapshot Counter,Time,w1,x1,y1,z1,loc1_x,loc1_y,loc1_z,time2,w2,x2,y2,z2,loc2_x,loc2_y,loc2_z,stylus_x,stylus_y,stylus_z
1,1703610697.000399,0.025230327621102333,0.1166658028960228,-0.025964297354221344,0.9925110936164856,19.434114456176758,-8.128150939941406,-82.0028076171875,1703610697.000405,-0.00837878417223692,0.02814151532948017,0.052347876131534576,-0.9981971383094788,8.695991516113281,5.280586242675781,80.33795928955078,53.76898193359375,-8.575580596923828,-84.32653045654297
2,1703610704.500521,0.02803506888449192,0.11307667195796967,-0.023244712501764297,0.9929185509681702,19.464038848876953,-8.335799217224121,-81.93746948242188,1703610704.5005262,-0.010123662650585175,0.0247688926756382,0.0425606444478035,-0.9987354874610901,8.675938606262207,5.4231414794921875,80.24378967285156,3.6236181259155273,-8.911786079406738,-76.77728271484375
3,1703610710.6171432,0.03070742078125477,0.1101265624165535,-0.024821186438202858,0.9931329488754272,19.511451721191406,-8.18607234954834,-82.08330535888672,1703610710.617147,-0.00877419114112854,0.026643695309758186,0.06644764542579651,-0.9973954558372498,8.668411254882812,4.960414886474609,80.47168731689453,1.2359646558761597,-7.503283977508545,-68.30255126953125
4,1703610714.583781,0.03166019544005394,0.11056758463382721,-0.025631975382566452,0.9930334091186523,19.494104385375977,-8.138553619384766,-82.12074279785156,1703610714.583786,-0.005316711962223053,0.024313664063811302,0.06407343596220016,-0.9976347088813782,8.659976959228516,4.964853763580322,80.50194549560547,5.526766300201416,23.791112899780273,73.41853332519531
5,1703610719.133802,0.030017999932169914,0.11168466508388519,-0.024097304791212082,0.9929978251457214,19.478240966796875,-8.268269538879395,-82.02397918701172,1703610719.1338072,-0.008515037596225739,0.02360580489039421,0.051456768065690994,-0.9983597993850708,8.697875022888184,5.221397399902344,80.36099243164062,40.43074417114258,9.531517028808594,88.29170227050781
6,1703610730.750412,0.029323497787117958,0.11158011108636856,-0.026135431602597237,0.9929787516593933,19.49240493774414,-8.24751091003418,-82.05119323730469,1703610730.750417,-0.008873894810676575,0.025726549327373505,0.055667322129011154,-0.9980784058570862,8.673386573791504,5.1829633712768555,80.42606353759766,31.250411987304688,12.303885459899902,64.56645965576172
