Snapshot Counter,Time,w1,x1,y1,z1,loc1_x,loc1_y,loc1_z,time2,w2,x2,y2,z2,loc2_x,loc2_y,loc2_z,stylus_x,stylus_y,stylus_z
1,1703607953.419055,0.06652626395225525,-0.17320846021175385,0.008197613060474396,-0.982601523399353,22.861717224121094,8.523555755615234,45.77924346923828,1703607953.419059,-0.0825212150812149,0.06412498652935028,-0.08921760320663452,0.9905142188072205,1.498171091079712,-6.87174654006958,-48.79053497314453,52.753257751464844,13.62773323059082,42.62847137451172
2,1703607958.685577,0.05798156186938286,-0.1681206226348877,0.01627393253147602,-0.9839251041412354,22.804317474365234,8.659040451049805,45.953983306884766,1703607958.685581,-0.08484378457069397,0.06236082315444946,-0.09237392991781235,0.9901412129402161,1.492836594581604,-6.93338680267334,-48.85590744018555,12.63714599609375,8.744515419006348,51.11448669433594
3,1703607966.4353778,0.060705337673425674,-0.16313010454177856,-0.01144902128726244,-0.9846686124801636,22.88242530822754,8.258777618408203,45.428016662597656,1703607966.4353821,-0.0901261493563652,0.06122693419456482,-0.01989077776670456,0.9938474893569946,1.4463671445846558,-6.024425983428955,-48.21940994262695,11.193044662475586,8.68324089050293,59.89137268066406
4,1703607973.635167,0.06384499371051788,-0.16252437233924866,-0.0036109071224927902,-0.9846301674842834,22.895185470581055,8.172586441040039,45.50309753417969,1703607973.6351712,-0.07655154168605804,0.05880650877952576,-0.04044294357299805,0.9945078492164612,1.4998046159744263,-6.177096843719482,-48.22325897216797,7.225076198577881,10.99041748046875,53.895484924316406
5,1703607981.901608,0.06045908480882645,-0.1634511649608612,-0.0007129214354790747,-0.9846968054771423,22.85472869873047,8.37125301361084,45.594661712646484,1703607981.901613,-0.08505847305059433,0.06449709832668304,-0.052252303808927536,0.9929122924804688,1.567992925643921,-6.421241760253906,-48.39759826660156,25.39546775817871,-7.650200843811035,-40.7722282409668
6,1703607986.3348138,0.06108430027961731,-0.16309724748134613,-0.002010469324886799,-0.9847151041030884,22.850109100341797,8.331116676330566,45.55292892456055,1703607986.334817,-0.08598165214061737,0.06356868892908096,-0.04604852944612503,0.9931996464729309,1.572386384010315,-6.346612453460693,-48.3068733215332,18.98320770263672,-16.396862030029297,-68.38507843017578
