Snapshot Counter,Time,w1,x1,y1,z1,loc1_x,loc1_y,loc1_z,time2,w2,x2,y2,z2,loc2_x,loc2_y,loc2_z,stylus_x,stylus_y,stylus_z
1,1711724725.9369578,0.0016910606063902378,0.019626755267381668,-0.07469219714403152,0.9970120191574097,2.036760091781616,-5.895958423614502,30.362760543823242,1711724725.9369621,0.0668938159942627,-0.04837121069431305,-0.15957370400428772,0.9837284088134766,23.414995193481445,1.985284686088562,-28.046051025390625,39.46077346801758,-8.583027839660645,31.366140365600586
2,1711724732.628672,0.0017184661701321602,0.020590586587786674,-0.07100328058004379,0.9972620010375977,2.0121474266052246,-5.899017810821533,30.368236541748047,1711724732.6286762,0.06685204058885574,-0.047813184559345245,-0.1588655561208725,0.9838731288909912,23.435688018798828,1.9561859369277954,-28.049814224243164,4.530979156494141,10.06634521484375,-20.213375091552734
3,1711724741.203731,0.003136300016194582,0.02014956809580326,-0.07056678831577301,0.997298538684845,2.005079507827759,-5.890367031097412,30.27298355102539,1711724741.203737,0.0666344165802002,-0.04733796417713165,-0.16156671941280365,0.9834709167480469,23.438873291015625,1.8973777294158936,-27.944740295410156,5.58945894241333,17.174869537353516,-46.42634582519531
4,1711724744.962066,0.00324174459092319,0.020470404997467995,-0.07314539700746536,0.9971058964729309,2.0106637477874756,-5.860368728637695,30.30120086669922,1711724744.96207,0.06427636742591858,-0.049012016505002975,-0.1665211021900177,0.9827191829681396,23.40634536743164,1.8040719032287598,-27.986881256103516,15.363171577453613,23.407373428344727,-37.376014709472656
5,1711724749.745415,0.0022350125946104527,0.02045847661793232,-0.07226143777370453,0.9971733093261719,1.992372989654541,-5.918039321899414,30.312347412109375,1711724749.745419,0.06683499366044998,-0.04646358639001846,-0.16008305549621582,0.9837415814399719,23.448211669921875,1.942728042602539,-28.00074005126953,43.197052001953125,0.05233676731586456,-19.588661193847656
6,1711724754.478789,0.0023356343153864145,0.020172785967588425,-0.07232897728681564,0.9971740245819092,2.002096176147461,-5.920032024383545,30.3011474609375,1711724754.478794,0.06688762456178665,-0.046907052397727966,-0.16102489829063416,0.983563244342804,23.44222068786621,1.9349409341812134,-27.987852096557617,42.501319885253906,7.53019380569458,-37.722938537597656
