Snapshot Counter,Time,w1,x1,y1,z1,loc1_x,loc1_y,loc1_z,time2,w2,x2,y2,z2,loc2_x,loc2_y,loc2_z,stylus_x,stylus_y,stylus_z
1,1711725965.814114,-0.04987475648522377,-0.1308368593454361,0.02288893423974514,-0.9898839592933655,5.382267951965332,-4.802205562591553,47.97433090209961,1711725965.814118,-0.05234859883785248,-0.024921279400587082,0.052669133991003036,-0.9969274997711182,19.90658187866211,-1.3672621250152588,-47.09783172607422,41.12546157836914,-3.5001840591430664,43.99675369262695
2,1711725970.155794,-0.048609744757413864,-0.13439324498176575,0.01819416880607605,-0.989567756652832,5.340837478637695,-4.819367408752441,48.06169891357422,1711725970.1558762,-0.05254305899143219,-0.02513316459953785,0.051841821521520615,-0.9969552755355835,19.915258407592773,-1.4209238290786743,-47.14789962768555,-0.622765839099884,6.769985198974609,-38.00292205810547
3,1711725973.272314,-0.050318989902734756,-0.13164684176445007,0.02320144698023796,-0.9897468090057373,5.380518913269043,-4.774873733520508,47.945926666259766,1711725973.272319,-0.05198568478226662,-0.024295179173350334,0.056912656873464584,-0.9967286586761475,19.891124725341797,-1.4422107934951782,-47.05080795288086,4.985195159912109,12.272771835327148,-67.77034759521484
4,1711725976.4555259,-0.05044084042310715,-0.13122616708278656,0.023406000807881355,-0.9897916316986084,5.388014316558838,-4.744004249572754,47.97660827636719,1711725976.45553,-0.05031471699476242,-0.024486815556883812,0.054468609392642975,-0.9969462752342224,19.88176155090332,-1.4500062465667725,-47.07720947265625,10.982839584350586,19.97570037841797,-55.115352630615234
5,1711725981.6221828,-0.04970475658774376,-0.13175052404403687,0.02304951660335064,-0.9897675514221191,5.382882595062256,-4.798332214355469,47.99005889892578,1711725981.622188,-0.05217616260051727,-0.02481326088309288,0.053486116230487823,-0.9968957304954529,19.895475387573242,-1.3922181129455566,-47.107688903808594,44.735755920410156,-3.0412116050720215,-38.03351974487305
6,1711725984.7220411,-0.04883895441889763,-0.13114126026630402,0.020613893866539,-0.9899452924728394,5.399034023284912,-4.845514297485352,48.008018493652344,1711725984.722045,-0.052584316581487656,-0.024778591468930244,0.05163652077317238,-0.9969726800918579,19.891494750976562,-1.325121521949768,-47.116554260253906,36.731842041015625,-1.4845739603042603,-62.70783615112305
