Snapshot Counter,Time,w1,x1,y1,z1,loc1_x,loc1_y,loc1_z,time2,w2,x2,y2,z2,loc2_x,loc2_y,loc2_z,stylus_x,stylus_y,stylus_z
1,1712486152.605174,-0.030597073957324028,-0.19129782915115356,0.03703024610877037,-0.9803558588027954,47.379295349121094,2.8183276653289795,34.833194732666016,1712486152.6051788,0.023832136765122414,0.07194045186042786,0.04018997773528099,0.9963138103485107,22.055862426757812,1.1383390426635742,37.569244384765625,82.7391357421875,-3.69157075881958,28.91969108581543
2,1712486159.5882418,-0.030395396053791046,-0.19185014069080353,0.036277808248996735,-0.9802823066711426,47.37331771850586,2.7850828170776367,34.829490661621094,1712486159.588247,0.023756811395287514,0.07220286130905151,0.0401749461889267,0.9962972402572632,22.071796417236328,1.1024137735366821,37.58250045776367,38.2395133972168,3.006823778152466,38.55173873901367
3,1712486164.1380742,-0.029879476875066757,-0.1917772740125656,0.03602857142686844,-0.9803216457366943,47.36600875854492,2.769956111907959,34.77186584472656,1712486164.138079,0.02377605251967907,0.07217641174793243,0.04099195823073387,0.9962654709815979,22.056297302246094,1.0752737522125244,37.5256462097168,37.16780090332031,1.8330488204956055,47.96086120605469
4,1712486170.4710982,-0.029061898589134216,-0.19044090807437897,0.035523537546396255,-0.9806250929832458,47.2546272277832,2.726067304611206,34.79693603515625,1712486170.471103,0.026004239916801453,0.07037641108036041,0.03781561553478241,0.9964641332626343,21.880062103271484,1.0736677646636963,37.476016998291016,32.5045280456543,6.069594383239746,43.34134292602539
5,1712486173.137669,-0.031371574848890305,-0.19233350455760956,0.03581537306308746,-0.9801738262176514,47.19185256958008,2.82910418510437,34.88797378540039,1712486173.137673,0.02527306228876114,0.07158150523900986,0.030357837677001953,0.9966522455215454,21.83531379699707,1.3917208909988403,37.53861618041992,-1.5680369138717651,5.057171821594238,43.36484909057617
6,1712486175.5375218,-0.0309242382645607,-0.19261501729488373,0.03636098653078079,-0.9801127314567566,47.20704650878906,2.809077024459839,34.886539459228516,1712486175.537529,0.025093097239732742,0.07169907540082932,0.03305763751268387,0.9965624213218689,21.86737823486328,1.3133416175842285,37.53898239135742,0.03489982336759567,6.297811985015869,49.61921310424805
