Snapshot Counter,Time,w1,x1,y1,z1,loc1_x,loc1_y,loc1_z,time2,w2,x2,y2,z2,loc2_x,loc2_y,loc2_z,stylus_x,stylus_y,stylus_z
1,1703606461.955828,0.028842316940426826,0.045676711946725845,-0.006323720328509808,0.998519778251648,17.533885955810547,-10.838787078857422,-93.09993743896484,1703606461.9558342,-0.07089143246412277,0.023306721821427345,-0.003503744723275304,-0.9972054958343506,15.942300796508789,6.093067169189453,94.94613647460938,51.07727813720703,-10.380578994750977,-88.34345245361328
2,1703606475.847122,0.029615724459290504,0.044715967029333115,-0.004907425958663225,0.9985486268997192,17.466405868530273,-10.86941146850586,-93.13829803466797,1703606475.847129,-0.07000018656253815,0.02389650233089924,-0.002151707885786891,-0.9972583055496216,15.95956039428711,6.077634334564209,95.05001068115234,1.7177140712738037,-9.31201457977295,-89.83384704589844
3,1703606484.9050949,0.03295623138546944,0.04143548384308815,-0.002783185103908181,0.9985936284065247,17.469682693481445,-10.805804252624512,-93.21710205078125,1703606484.905101,-0.06779833883047104,0.025430038571357727,0.007793150842189789,-0.9973443746566772,15.950369834899902,5.89587926864624,95.18447875976562,1.710049033164978,14.006930351257324,67.5872573852539
4,1703606491.0132039,0.03160988539457321,0.04206147789955139,-0.004321257583796978,0.998605489730835,17.46061134338379,-10.8106050491333,-93.19593048095703,1703606491.0132108,-0.06948582828044891,0.024420116096735,0.004558164160698652,-0.9972735047340393,16.025253295898438,5.9489030838012695,95.12910461425781,5.478745460510254,26.057361602783203,87.04156494140625
5,1703606504.321113,0.031207595020532608,0.042778342962265015,-0.004890828393399715,0.9985851049423218,17.438753128051758,-10.83813190460205,-93.18982696533203,1703606504.32112,-0.06991955637931824,0.024705059826374054,0.003476509591564536,-0.9972405433654785,15.990596771240234,5.962901592254639,95.1033706665039,39.896671295166016,8.366677284240723,101.1463623046875
6,1703606511.762518,0.03257407993078232,0.04184003546833992,-0.002237649168819189,0.9985906481742859,17.461139678955078,-10.803733825683594,-93.18041229248047,1703606511.762523,-0.06989369541406631,0.024850916117429733,0.004304517991840839,-0.9972355365753174,16.001953125,5.966270923614502,95.12029266357422,43.832027435302734,13.18834114074707,73.67011260986328
