Snapshot Counter,Time,w1,x1,y1,z1,loc1_x,loc1_y,loc1_z,time2,w2,x2,y2,z2,loc2_x,loc2_y,loc2_z,stylus_x,stylus_y,stylus_z
1,1703605887.2856572,0.06983104348182678,-0.10207368433475494,-0.08674325793981552,-0.9885242581367493,12.258500099182129,11.149481773376465,52.21871566772461,1703605887.285662,0.05375814065337181,-0.021837471053004265,-0.020828435197472572,-0.9980978965759277,17.29218101501465,-5.719545364379883,-55.1732292175293,43.39331817626953,11.989277839660645,51.211673736572266
2,1703605895.312404,0.07290233671665192,-0.10263625532388687,-0.08899722993373871,-0.9880437254905701,12.232762336730957,11.09600830078125,52.272586822509766,1703605895.312408,0.05461874604225159,-0.019483987241983414,-0.017929989844560623,-0.9981561303138733,17.217512130737305,-5.725371360778809,-55.20724105834961,5.141714096069336,-12.345151901245117,-44.98231887817383
3,1703605905.0345879,0.07328298687934875,-0.10162434726953506,-0.09308261424303055,-0.9877436757087708,12.239773750305176,10.949788093566895,52.09342956542969,1703605905.0345972,0.05394105613231659,-0.021767593920230865,-0.029781708493828773,-0.9978624582290649,17.27427101135254,-5.527614116668701,-55.044944763183594,6.034154415130615,-15.058700561523438,-78.22087097167969
4,1703605912.5841331,0.07437285035848618,-0.10187229514122009,-0.09249985963106155,-0.9876914620399475,12.230326652526855,10.857403755187988,52.12430953979492,1703605912.584142,0.04672060161828995,-0.019244367256760597,-0.019501913338899612,-0.9985321760177612,17.244251251220703,-5.5451436042785645,-55.040496826171875,11.241323471069336,-24.84768295288086,-64.77420043945312
5,1703605922.783391,0.0730300024151802,-0.10280052572488785,-0.0933615192770958,-0.9876143932342529,12.242955207824707,10.957117080688477,52.167022705078125,1703605922.7833989,0.05372563377022743,-0.019430991262197495,-0.02342214621603489,-0.9980918765068054,17.271631240844727,-5.587377548217773,-55.14279556274414,51.779151916503906,-15.876565933227539,-53.9222297668457
6,1703605928.724511,0.07315292209386826,-0.10202272236347198,-0.09268705546855927,-0.987749457359314,12.223201751708984,10.922444343566895,52.17427062988281,1703605928.7245162,0.054369207471609116,-0.01928631030023098,-0.02284676767885685,-0.998073160648346,17.301748275756836,-5.584413051605225,-55.151512145996094,46.857093811035156,-19.242944717407227,-77.79547119140625
