Snapshot Counter,Time,w1,x1,y1,z1,loc1_x,loc1_y,loc1_z,time2,w2,x2,y2,z2,loc2_x,loc2_y,loc2_z,stylus_x,stylus_y,stylus_z
1,1710163882.96172,0.9841068387031555,-0.09374251961708069,-0.15047474205493927,0.01016492210328579,12.792950630187988,-7.593467712402344,-48.118865966796875,1710163882.961725,0.9841554164886475,-0.14395812153816223,-0.10028841346502304,-0.025618838146328926,14.001096725463867,1.6030536890029907,49.80581283569336,46.5503044128418,-12.273466110229492,-34.83247375488281
2,1710163889.969951,0.9835618138313293,-0.0950615406036377,-0.1533052921295166,0.008177321404218674,13.011500358581543,-7.548580169677734,-48.067543029785156,1710163889.9699578,0.9844005107879639,-0.14286048710346222,-0.09987439960241318,-0.023907016962766647,13.996468544006348,1.4470728635787964,49.8171501159668,1.1664375066757202,-5.218630790710449,-37.625152587890625
3,1710163897.3864992,0.9822482466697693,-0.11445910483598709,-0.14829131960868835,0.009849206544458866,13.079050064086914,-7.425070762634277,-47.84227752685547,1710163897.386505,0.979526937007904,-0.1751391738653183,-0.09625252336263657,-0.024261899292469025,13.962657928466797,0.9644486904144287,49.708763122558594,3.145834445953369,-18.633338928222656,-67.45601654052734
4,1710163902.35305,0.9819458723068237,-0.11502669751644135,-0.1499018669128418,0.00896842498332262,13.104966163635254,-7.391543865203857,-47.87558364868164,1710163902.353056,0.9795842170715332,-0.17492565512657166,-0.09608905762434006,-0.024136647582054138,13.976361274719238,0.9317033886909485,49.74461364746094,5.3801374435424805,8.922262191772461,52.595924377441406
5,1710163911.4778318,0.9839056134223938,-0.0662989616394043,-0.1654522716999054,0.012635158374905586,13.146528244018555,-7.852896213531494,-48.064483642578125,1710163911.4778361,0.9901759624481201,-0.09443756937980652,-0.10035628825426102,-0.023698093369603157,14.15566349029541,2.392488956451416,49.45589828491211,40.990699768066406,2.6729445457458496,55.89762496948242
6,1710163915.394455,0.9839815497398376,-0.06730110198259354,-0.16462455689907074,0.012226587161421776,13.120016098022461,-7.862009048461914,-48.0567512512207,1710163915.3944588,0.9900798201560974,-0.09572750329971313,-0.1000959575176239,-0.02364167757332325,14.165343284606934,2.3465378284454346,49.44185256958008,39.360084533691406,7.796433448791504,61.51428985595703
