Snapshot Counter,Time,w1,x1,y1,z1,loc1_x,loc1_y,loc1_z,time2,w2,x2,y2,z2,loc2_x,loc2_y,loc2_z,stylus_x,stylus_y,stylus_z
1,1710163467.871644,0.012458584271371365,0.08199187368154526,0.14774946868419647,0.985541582107544,25.26314926147461,7.2219319343566895,44.39805221557617,1710163467.871648,-0.07472746819257736,-0.0496574267745018,-0.09028708934783936,-0.9918659925460815,5.698126792907715,-4.426971912384033,-44.319881439208984,56.250606536865234,11.257304191589355,46.255008697509766
2,1710163473.104852,0.0107363760471344,0.08273645490407944,0.1438562572002411,0.9860754013061523,25.291929244995117,7.206131458282471,44.34577560424805,1710163473.1049442,-0.07615859061479568,-0.051117926836013794,-0.08628992736339569,-0.9920387268066406,5.688137054443359,-4.418536186218262,-44.281639099121094,8.306796073913574,8.462862968444824,46.27177047729492
3,1710163478.171435,0.01096176728606224,0.08139938861131668,0.14590737223625183,0.9858828186988831,25.29977035522461,7.221514701843262,44.30809020996094,1710163478.1714392,-0.07613732665777206,-0.05034193396568298,-0.08898048102855682,-0.9918423295021057,5.683076858520508,-4.414941787719727,-44.23160934448242,8.120219230651855,9.18430233001709,55.848419189453125
4,1710163481.963041,0.011151012033224106,0.08139663934707642,0.14818952977657318,0.9855404496192932,25.392913818359375,7.349073886871338,44.33857727050781,1710163481.963047,-0.07585974782705307,-0.04917795956134796,-0.09031601995229721,-0.9918012619018555,5.610592365264893,-4.447499752044678,-44.240440368652344,3.514742136001587,12.218809127807617,49.35428237915039
5,1710163485.087949,0.011883789673447609,0.08284111320972443,0.14873753488063812,0.9853289723396301,25.4397029876709,7.365061283111572,44.29827880859375,1710163485.0879529,-0.07457029074430466,-0.05063009262084961,-0.08895334601402283,-0.9919491410255432,5.587233066558838,-4.498902797698975,-44.27587127685547,32.489662170410156,-10.726841926574707,-36.41857147216797
6,1710163492.3544168,0.013162165880203247,0.08218873292207718,0.14935488998889923,0.9852739572525024,25.429540634155273,7.348527908325195,44.266353607177734,1710163492.3544981,-0.07364784926176071,-0.04999198392033577,-0.0917181521654129,-0.9917985796928406,5.601560115814209,-4.486356258392334,-44.22342300415039,35.87545394897461,-20.436243057250977,-61.820274353027344
